nome_atual,novo_nome
PLANO/flamma-plano-1.jpg,09815 - TECIDO VOIL FLAMMA 01 NATURAL - PLANO.jpg
PLANO/linho-alba-plano-1.jpg,09423 - TECIDO LINHO ALBA COR 01 BRANCO - PLANO.jpg
PLANO/linho-alba-plano-2.jpg,09430 - TECIDO LINHO ALBA COR 02 OFF WHITE - PLANO.jpg
PLANO/linho-alba-plano-3.jpg,09431 - TECIDO LINHO ALBA COR 03 TRIGO - PLANO.jpg
PLANO/linho-alba-plano-4.jpg,09432 - TECIDO LINHO ALBA COR 04 BEGE - PLANO.jpg
PLANO/linho-alba-plano-5.jpg,09433 - TECIDO LINHO ALBA COR 05 GELO - PLANO.jpg
PLANO/linho-alba-plano-6.jpg,09434 - TECIDO LINHO ALBA COR 06 CINZA - PLANO.jpg
PLANO/linho-alba-plano-7.jpg,09435 - TECIDO LINHO ALBA COR 07 GRAFITE - PLANO.jpg
PLANO/linho-luxor-plano-1.jpg,04086 - TECIDO VOIL LUXOR 01 OFF WHITE - PLANO.jpg
PLANO/linho-prime-plano-1.jpg,04059 - TECIDO VOIL PRIME 01 NATURAL - PLANO.jpg
PLANO/linho-prime-plano-2.jpg,04060 - TECIDO VOIL PRIME 02 KAKI - PLANO.jpg
PLANO/linho-prime-plano-3.jpg,04061 - TECIDO VOIL PRIME 03 CINZA - PLANO.jpg
PLANO/linho-prime-plano-4.jpg,04062 - TECIDO VOIL PRIME 04 CHUMBO - PLANO.jpg
PLANO/linho-prime-plano-5.jpg,07124 - TECIDO VOIL PRIME 05 ROSE  ***02/26 - PLANO.jpg
PLANO/lira-plano-1.jpg,09820 - TECIDO VOIL LIRA 01 BRANCO ***02/26 - PLANO.jpg
PLANO/lira-plano-2.jpg,09821 - TECIDO VOIL LIRA 02 CRÚ ***02/26 - PLANO.jpg
PLANO/lira-plano-3.jpg,09822 - TECIDO VOIL LIRA 03 CINZA ***02/26 - PLANO.jpg
PLANO/lira-plano-4.jpg,09823 - TECIDO VOIL LIRA 04 ROSE ***02/26 - PLANO.jpg
PLANO/malta-plano-1.jpg,09806 - TECIDO VOIL MALTA 01 BRANCO - PLANO.jpg
PLANO/malta-plano-2.jpg,09807 - TECIDO VOIL MALTA 02 OFF WHITE - PLANO.jpg
PLANO/malta-plano-3   _.jpg,09808 - TECIDO VOIL MALTA 03 BEGE - PLANO.jpg
PLANO/malta-plano-4.jpg,09809 - TECIDO VOIL MALTA 04 FENDI - PLANO.jpg
PLANO/malta-plano-5.jpg,09810 - TECIDO VOIL MALTA 05 GRAFITE - PLANO.jpg
PLANO/nero-plano-1.jpg,09794 - TECIDO VOIL NERO 01 BRANCO ***02/26 - PLANO.jpg
PLANO/nero-plano-2.jpg,09795 - TECIDO VOIL NERO 02 BEGE ***02/26 - PLANO.jpg
PLANO/nero-plano-3.jpg,09796 - TECIDO VOIL NERO 03 CINZA ***02/26 - PLANO.jpg
PLANO/tesla-plano-1.jpg,09824 - TECIDO VOIL TESLA 01 BRANCO - PLANO.jpg
PLANO/tesla-plano-2.jpg,09825 - TECIDO VOIL TESLA 02 BEGE - PLANO.jpg
PLANO/tesla-plano-3.jpg,09826 - TECIDO VOIL TESLA 03 CINZA - PLANO.jpg
PLANO/tesla-plano-4.jpg,09827 - TECIDO VOIL TESLA 04 GRAFITE - PLANO.jpg
PLANO/voil-favon-plano-1.jpg,09797 - TECIDO VOIL FAVON 01 NATURAL - PLANO.jpg
PLANO/voil-favon-plano-2.jpg,09798 - TECIDO VOIL FAVON 02 AVELÃ - PLANO.jpg
PLANO/voil-favon-plano-3.jpg,09799 - TECIDO VOIL FAVON 03 CINZA - PLANO.jpg
TEXTURA/flamma-textura-1.jpg,09815 - TECIDO VOIL FLAMMA 01 NATURAL - TEXTURA.jpg
TEXTURA/linho-alba-textura-1.jpg,09423 - TECIDO LINHO ALBA COR 01 BRANCO - TEXTURA.jpg
TEXTURA/linho-alba-textura-2.jpg,09430 - TECIDO LINHO ALBA COR 02 OFF WHITE - TEXTURA.jpg
TEXTURA/linho-alba-textura-3.jpg,09431 - TECIDO LINHO ALBA COR 03 TRIGO - TEXTURA.jpg
TEXTURA/linho-alba-textura-4.jpg,09432 - TECIDO LINHO ALBA COR 04 BEGE - TEXTURA.jpg
TEXTURA/linho-alba-textura-5.jpg,09433 - TECIDO LINHO ALBA COR 05 GELO - TEXTURA.jpg
TEXTURA/linho-alba-textura-6.jpg,09434 - TECIDO LINHO ALBA COR 06 CINZA - TEXTURA.jpg
TEXTURA/linho-alba-textura-7.jpg,09435 - TECIDO LINHO ALBA COR 07 GRAFITE - TEXTURA.jpg
TEXTURA/linho-luxor-textura-1.jpg,04086 - TECIDO VOIL LUXOR 01 OFF WHITE - TEXTURA.jpg
TEXTURA/linho-luxor-textura-2.jpg,04087 - TECIDO VOIL LUXOR 02 BEGE - TEXTURA.jpg
TEXTURA/linho-luxor-textura-3.jpg,04088 - TECIDO VOIL LUXOR 03 CINZA - TEXTURA.jpg
TEXTURA/linho-menfis-textura-1.jpg,04091 - TECIDO VOIL MENFIS 01 OFF WHITE - TEXTURA.jpg
TEXTURA/linho-menfis-textura-2.jpg,07121 - TECIDO VOIL MENFIS 02 CINZA - TEXTURA.jpg
TEXTURA/linho-prime-textura-1.jpg,04059 - TECIDO VOIL PRIME 01 NATURAL - TEXTURA.jpg
TEXTURA/linho-prime-textura-2.jpg,04060 - TECIDO VOIL PRIME 02 KAKI - TEXTURA.jpg
TEXTURA/linho-prime-textura-3.jpg,04061 - TECIDO VOIL PRIME 03 CINZA - TEXTURA.jpg
TEXTURA/linho-prime-textura-4.jpg,04062 - TECIDO VOIL PRIME 04 CHUMBO - TEXTURA.jpg
TEXTURA/linho-prime-textura-5.jpg,07124 - TECIDO VOIL PRIME 05 ROSE  ***02/26 - TEXTURA.jpg
TEXTURA/lira-textura-1.jpg,09820 - TECIDO VOIL LIRA 01 BRANCO ***02/26 - TEXTURA.jpg
TEXTURA/lira-textura-2.jpg,09821 - TECIDO VOIL LIRA 02 CRÚ ***02/26 - TEXTURA.jpg
TEXTURA/lira-textura-3.jpg,09822 - TECIDO VOIL LIRA 03 CINZA ***02/26 - TEXTURA.jpg
TEXTURA/lira-textura-4.jpg,09823 - TECIDO VOIL LIRA 04 ROSE ***02/26 - TEXTURA.jpg
TEXTURA/malta-textura-1.jpg,09806 - TECIDO VOIL MALTA 01 BRANCO - TEXTURA.jpg
TEXTURA/malta-textura-2.jpg,09807 - TECIDO VOIL MALTA 02 OFF WHITE - TEXTURA.jpg
TEXTURA/malta-textura-3.jpg,09808 - TECIDO VOIL MALTA 03 BEGE - TEXTURA.jpg
TEXTURA/malta-textura-4.jpg,09809 - TECIDO VOIL MALTA 04 FENDI - TEXTURA.jpg
TEXTURA/malta-textura-5.jpg,09810 - TECIDO VOIL MALTA 05 GRAFITE - TEXTURA.jpg
TEXTURA/nero-textura-1.jpg,09794 - TECIDO VOIL NERO 01 BRANCO ***02/26 - TEXTURA.jpg
TEXTURA/nero-textura-2.jpg,09795 - TECIDO VOIL NERO 02 BEGE ***02/26 - TEXTURA.jpg
TEXTURA/nero-textura-3.jpg,09796 - TECIDO VOIL NERO 03 CINZA ***02/26 - TEXTURA.jpg
TEXTURA/tesla-textura-1-399.jpg,09824 - TECIDO VOIL TESLA 01 BRANCO - TEXTURA.jpg
TEXTURA/tesla-textura-1.jpg,09824 - TECIDO VOIL TESLA 01 BRANCO - TEXTURA.jpg
TEXTURA/tesla-textura-2.jpg,09825 - TECIDO VOIL TESLA 02 BEGE - TEXTURA.jpg
TEXTURA/tesla-textura-3.jpg,09826 - TECIDO VOIL TESLA 03 CINZA - TEXTURA.jpg
TEXTURA/tesla-textura-4.jpg,09827 - TECIDO VOIL TESLA 04 GRAFITE - TEXTURA.jpg
TEXTURA/voil-favon-textura-1.jpg,09797 - TECIDO VOIL FAVON 01 NATURAL - TEXTURA.jpg
TEXTURA/voil-favon-textura-2.jpg,09798 - TECIDO VOIL FAVON 02 AVELÃ - TEXTURA.jpg
TEXTURA/voil-favon-textura-3.jpg,09799 - TECIDO VOIL FAVON 03 CINZA - TEXTURA.jpg
